,,,Vap_Fla,,Vap_Lea,,Vap_Gla,,Vap_wat,,Vap_Cal,,Vap_Bor,,Vap_Heal
Position,Base,Base,0,,0,,0,,0,,0,,0,,0
1,3,3,0,3,0,3,0,3,0,1,1,3,0,4,1
2,1,1,0,1,0,1,0,1,0,1,0,1,0,1,0
3,2,1,1,2,0,2,0,2,0,2,0,2,0,2,0
4,1,1,0,1,0,1,0,1,0,1,0,1,0,1,0
5,3,3,0,3,0,3,0,3,0,3,0,4,1,3,0
6,1,1,0,1,0,1,0,1,0,1,0,1,0,1,0
7,2,2,0,2,0,2,0,2,0,2,0,2,0,2,0
8,4,4,0,4,0,4,0,4,0,4,0,4,0,4,0
9,2,2,0,2,0,2,0,2,0,2,0,2,0,2,0
10,1,1,0,1,0,1,0,1,0,1,0,1,0,1,0
11,4,4,0,4,0,4,0,4,0,1,1,2,1,4,0
12,4,4,0,4,0,4,0,4,0,4,0,3,1,4,0
13,1,1,0,1,0,1,0,1,0,1,0,1,0,1,0
14,3,3,0,3,0,3,0,3,0,3,0,3,0,2,1
15,2,2,0,2,0,2,0,4,1,4,1,1,1,4,1
16,4,4,0,4,0,1,1,4,0,2,1,4,0,3,1
17,1,1,0,1,0,1,0,1,0,1,0,1,0,4,1
18,4,4,0,4,0,4,0,4,0,4,0,3,1,4,0
19,4,4,0,4,0,1,1,4,0,4,0,3,1,4,0
20,2,2,0,1,1,1,1,1,1,1,1,1,1,3,1
21,4,4,0,1,1,4,0,1,1,1,1,1,1,1,1
22,1,1,0,1,0,1,0,1,0,1,0,1,0,1,0
23,2,3,1,4,1,4,1,4,1,4,1,2,0,4,1
24,2,4,1,2,0,2,0,2,0,2,0,2,0,2,0
25,4,4,0,1,1,4,0,4,0,4,0,4,0,2,1
26,2,1,1,1,1,1,1,3,1,1,1,1,1,1,1
27,3,3,0,3,0,3,0,3,0,3,0,4,1,3,0
28,3,2,1,3,0,3,0,3,0,3,0,3,0,3,0
29,3,2,1,1,1,2,1,2,1,2,1,2,1,2,1
30,4,4,0,4,0,4,0,3,1,2,1,4,0,4,0
31,4,4,0,4,0,4,0,4,0,3,1,4,0,4,0
32,3,3,0,3,0,4,1,3,0,3,0,3,0,3,0
33,4,4,0,4,0,4,0,4,0,4,0,4,0,4,0
34,3,1,1,3,0,3,0,1,1,3,0,3,0,3,0
35,2,3,1,3,1,2,0,3,1,2,0,3,1,3,1
36,1,1,0,1,0,1,0,1,0,1,0,1,0,1,0
37,2,2,0,2,0,2,0,2,0,2,0,2,0,2,0
38,2,2,0,2,0,2,0,2,0,2,0,2,0,2,0
39,4,4,0,4,0,4,0,4,0,2,1,4,0,4,0
40,4,4,0,4,0,4,0,1,1,4,0,4,0,4,0
41,3,3,0,3,0,3,0,3,0,3,0,3,0,3,0
42,2,2,0,2,0,4,1,2,0,2,0,2,0,2,0
43,3,3,0,2,1,3,0,1,1,3,0,3,0,3,0
44,1,1,0,1,0,1,0,1,0,1,0,1,0,1,0
45,2,2,0,2,0,2,0,2,0,2,0,2,0,1,1
46,4,4,0,3,1,3,1,2,1,3,1,4,0,4,0
47,3,1,1,1,1,1,1,1,1,1,1,1,1,1,1
48,4,4,0,4,0,4,0,4,0,4,0,4,0,4,0
49,1,1,0,1,0,1,0,1,0,1,0,1,0,1,0
50,4,2,1,2,1,2,1,2,1,2,1,2,1,3,1
51,3,2,1,2,1,2,1,2,1,2,1,2,1,2,1
52,4,1,1,2,1,1,1,1,1,1,1,1,1,1,1
53,1,1,0,1,0,1,0,2,1,1,0,2,1,1,0
54,1,1,0,2,1,1,0,1,0,1,0,1,0,1,0
55,1,2,1,2,1,1,0,1,0,3,1,3,1,3,1
56,2,2,0,2,0,1,1,1,1,1,1,1,1,1,1
57,1,3,1,1,0,4,1,2,1,1,0,1,0,1,0
58,4,3,1,4,0,4,0,4,0,4,0,4,0,4,0
59,4,4,0,4,0,4,0,3,1,2,1,1,1,1,1
60,3,3,0,3,0,3,0,3,0,3,0,3,0,3,0
61,4,4,0,4,0,2,1,2,1,2,1,2,1,2,1
62,1,1,0,1,0,1,0,1,0,1,0,1,0,1,0
63,4,4,0,4,0,4,0,4,0,4,0,3,1,1,1
64,4,4,0,4,0,4,0,4,0,4,0,4,0,4,0
65,1,1,0,1,0,1,0,1,0,1,0,1,0,1,0
66,2,2,0,2,0,2,0,4,1,4,1,2,0,2,0
67,2,2,0,2,0,2,0,2,0,2,0,3,1,3,1
68,3,3,0,3,0,4,1,3,0,3,0,1,1,3,0
69,1,2,1,1,0,1,0,3,1,1,0,1,0,1,0
70,4,4,0,4,0,4,0,4,0,4,0,4,0,4,0
71,3,3,0,3,0,3,0,3,0,1,1,3,0,2,1
72,1,3,1,3,1,3,1,3,1,3,1,3,1,3,1
73,1,3,1,1,0,3,1,3,1,3,1,3,1,3,1
74,1,3,1,2,1,1,0,1,0,1,0,1,0,1,0
75,4,4,0,1,1,2,1,4,0,4,0,4,0,4,0
76,2,2,0,2,0,2,0,2,0,2,0,2,0,2,0
77,3,3,0,3,0,3,0,3,0,3,0,3,0,3,0
78,3,3,0,3,0,3,0,3,0,3,0,3,0,3,0
79,4,4,0,4,0,3,1,4,0,4,0,4,0,1,1
80,2,2,0,2,0,2,0,2,0,2,0,3,1,3,1
81,3,4,1,3,0,3,0,2,1,3,0,3,0,2,1
82,3,3,0,3,0,3,0,3,0,3,0,3,0,3,0
83,1,1,0,1,0,1,0,1,0,2,1,1,0,1,0
84,4,2,1,4,0,2,1,3,1,4,0,4,0,4,0
85,4,4,0,4,0,4,0,4,0,4,0,4,0,4,0
86,3,2,1,4,1,2,1,2,1,2,1,4,1,2,1
87,3,1,1,3,0,3,0,3,0,3,0,4,1,4,1
88,1,1,0,1,0,1,0,1,0,1,0,1,0,1,0
89,3,1,1,1,1,1,1,1,1,1,1,1,1,1,1
90,4,4,0,3,1,4,0,4,0,4,0,4,0,4,0
91,3,3,0,2,1,3,0,4,1,1,1,3,0,3,0
92,3,3,0,3,0,3,0,4,1,4,1,4,1,4,1
93,4,4,0,4,0,3,1,2,1,2,1,4,0,4,0
94,3,3,0,3,0,4,1,3,0,3,0,3,0,3,0
95,1,1,0,1,0,1,0,2,1,1,0,1,0,1,0
96,2,4,1,2,0,2,0,2,0,3,1,1,1,2,0
97,2,2,0,2,0,2,0,2,0,1,1,2,0,2,0
98,1,1,0,1,0,1,0,1,0,1,0,1,0,1,0
99,3,2,1,3,0,3,0,3,0,3,0,1,1,3,0
100,4,4,0,4,0,2,1,4,0,4,0,4,0,4,0
